cluster,num_reactions,num_comments,num_shares,num_likes,num_loves,num_wows,num_hahas,num_sads,num_angrys
0,0.03571757282303497,1.1516386383036579,1.3850830536335588,-0.07336524584356865,1.361409335687216,0.23287450557978598,1.0122680906325188,1.0057147272003508,0.8444954340542443
1,-0.30459797976719016,-0.2723300118262492,-0.30552142380199665,-0.28494920474966345,-0.30113505881376496,-0.17738776875464715,-0.2576696700766609,-0.21063098565672905,-0.21233524489798364
2,1.6554278330866148,3.9111800087861956,4.035937055122426,1.2361442776948972,4.0133650830410685,2.7639401085174726,3.986829594399727,2.6449347782789085,3.3110231921604516
3,3.222268859298698,-0.2174393330515234,-0.24720013341883657,3.3469011418381256,-0.2531805515754652,0.674896133770166,-0.200113765844934,-0.197281570601454,-0.1949553161404966
