{"ks": [2, 3, 4, 5, 6, 7, 8, 9, 10], "silhouette": [0.7442603239481471, 0.703096371889165, 0.6933934236392051, 0.6858747555469136, 0.6954647163578505, 0.7052143322464606, 0.6953510151935449, 0.591526949745106, 0.599704107811628]}