{"ks": [2, 3, 4, 5, 6, 7, 8, 9, 10], "sse": [41969.85321973043, 31615.226740458267, 26106.360132452624, 23586.15993033965, 20666.27752039449, 18388.492842528834, 16570.34889096739, 15420.755899665095, 14546.19872314647]}